topic,date_time,location,attendees,notes
Object-based user-facing interface,2015-04-27 15:50:18 UTC,Lao People's Democratic Republic,135,leverage extensible mindshare
Secured 3rd generation policy,2015-04-11 16:47:44 UTC,Solomon Islands,203,integrate vertical vortals
Persevering cohesive architecture,2015-04-16 15:20:57 UTC,Micronesia,107,integrate end-to-end vortals
Customer-focused stable superstructure,2015-04-23 16:12:36 UTC,"Virgin Islands, British",200,empower real-time vortals
Integrated methodical software,2015-04-28 17:31:09 UTC,Cocos (Keeling) Islands,25,synthesize bleeding-edge experiences
Open-architected system-worthy interface,2015-04-14 12:16:31 UTC,Singapore,168,innovate dynamic content
Phased secondary local area network,2015-04-23 13:49:45 UTC,Mauritania,66,aggregate user-centric infomediaries
Public-key intermediate definition,2015-04-13 13:07:42 UTC,Azerbaijan,10,transition 24/365 synergies
Function-based optimal strategy,2015-04-28 12:22:05 UTC,Equatorial Guinea,233,architect e-business deliverables
Business-focused foreground instruction set,2015-04-08 12:49:59 UTC,Dominica,273,empower seamless technologies
Function-based multi-state archive,2015-04-25 12:15:00 UTC,Luxembourg,81,incubate customized web services
Exclusive neutral moratorium,2015-04-21 12:55:20 UTC,Aruba,156,envisioneer open-source platforms
Customer-focused homogeneous hierarchy,2015-04-28 17:18:47 UTC,Guernsey,105,extend next-generation eyeballs
Customer-focused context-sensitive projection,2015-04-20 15:55:58 UTC,Cayman Islands,295,seize viral interfaces
Implemented clear-thinking data-warehouse,2015-04-13 12:57:50 UTC,Tonga,6,mesh sexy applications
Progressive responsive process improvement,2015-04-23 17:56:52 UTC,Antigua and Barbuda,32,matrix seamless solutions
Cross-group needs-based functionalities,2015-04-15 13:28:58 UTC,Bahrain,253,monetize compelling vortals
Reactive zero tolerance functionalities,2015-04-14 16:31:45 UTC,American Samoa,259,architect web-enabled applications
Grass-roots mission-critical ability,2015-04-20 12:13:03 UTC,Georgia,176,orchestrate best-of-breed interfaces
Visionary non-volatile paradigm,2015-04-14 12:02:01 UTC,Jordan,172,brand sticky users
